Variable,Variance
praf,0.24265640737744174
pmek,0.22035731387150573
plcg,0.23639570915135197
PIP2,0.2275729405742781
PIP3,0.23349239634760496
p44/42,0.18698435238236769
pakts473,0.17782034135253094
PKA,0.21351044917413825
PKC,0.24678434027376453
P38,0.24159690460071878
pjnk,0.21395901788220537
