Variable,Variance
X1,0.9947731808135238
X2,3.7609589868519424
X3,25.33530756611163
X4,70.9706719476077
