Variable,Variance
X1,2.069774786687734
X2,17.069184031373275
X3,92.51241151829122
X4,606.5558808491088
