Variable,Variance
X1,2.069774786687734
X2,11.39019761776019
X3,48.418607581950575
X4,46.61164943193908
