Variable,Variance
X1,0.9947731808135238
X2,0.9402397467129856
X3,1.013215146995926
