Variable,Variance
X1,0.9947731808135238
X2,3.7670655579968586
X3,16.211442351934817
X4,0.27708880312926054
