Variable,Variance
praf,0.1873526851648223
pmek,0.22009898173332107
plcg,0.23611857467403502
PIP2,0.2273061493192086
PIP3,0.21893530705461745
p44/42,0.0997572583549224
pakts473,0.17761187670850687
PKA,0.17614098352303975
PKC,0.2128125972382835
P38,0.14846724226493743
pjnk,0.2137081866771852
